List;Discription;Title screen;Hex file;Data file;Save file;Likes;Developer
0;Bootloader;arduboy-fx-loader.png;;;;;
1;Adventure;category-screens/Adventure.png;;;;;
1;Catacombsofthedamned;Action/Cotd.png;Action/Cotd.hex;;;;
1;virus;arg/virus.png;arg/virus.hex;;;;
1;Glove;Action/Glove.png;Action/Glove.hex;;;;
1;Mazogs;Action/Mazogs.png;Action/Mazogs.hex;;;;
1;ArduIndy;Action/ArduIndy.png;Action/ArduIndy.hex;;;;
1;Raynetherogue;Action/Raynetherogue.png;Action/Raynetherogue.hex;;;;
1;ZooatMidnight;Action/zooatmidnight.png;Action/zooatmidnight.hex;;;;
2;Arcade;category-screens/Arcade.png;;;;;
2;FirePanic;Action/FirePanic.png;Action/FirePanic.hex;;;;
2;Kong;Arcade/Kong.png;Arcade/Kong.hex;;;;
2;Kong2;Arcade/Kong2.png;Arcade/Kong2.hex;;;;
2;Turtlebridge;Arcade/Turtlebridge.png;Arcade/Turtlebridge.hex;;;;
2;SpaceCab;Arcade/SpaceCab.png;Arcade/SpaceCab.hex;;;;
2;LionTamer;Arcade/LionTamer.png;Arcade/LionTamer.hex;;;;
2;OilPanic;Arcade/OilPanic.png;Arcade/OilPanic.hex;;;;
2;Rooftop;Action/rooftop.png;Action/rooftop.hex;;;;
2;BiriBiriBeat;Arcade/biribiribeat.png;Arcade/biribiribeat.hex;;;;
2;Backtothejungle;Arcade/Backtothejungle.png;Arcade/Backtothejungle.hex;;;;
2;Fatsche;Arcade/Fatsche.png;Arcade/Fatsche.hex;;;;
2;BurgardTime;Arcade/BurgardTime.png;Arcade/BurgardTime.hex;;;;
2;Arduwhack;Arcade/Arduwhack.png;Arcade/Arduwhack.hex;;;;
2;JumpBoy;Arcade/JumpBoy.png;Arcade/JumpBoy.hex;;;;
2;pooppanic;Arcade/pooppanic.png;Arcade/pooppanic.hex;;;;
2;RoboDodge;Arcade/RoboDodge.png;Arcade/RoboDodge.hex;;;;
2;APara;Arcade/Apara.png;Arcade/APara.hex;;;;
2;Chickenlauncher;Arcade/Chickenlauncher.png;Arcade/Chickenlauncher.hex;;;;
2;Dancerow;Arcade/Dancerow.png;Arcade/Dancerow.hex;;;;
2;keykat;Arcade/keykat.png;Arcade/keykat.hex;;;;
2;DeepDishNine;Misc/DeepDishNine.png;Misc/DeepDishNine.hex;;;;
2;2PlayersPack;Arcade/2PlayersPack.png;Arcade/2PlayersPack.hex;;;;
2;Arduman;Arcade/Arduman.png;Arcade/Arduman.hex;;;;
2;Crateconfusion;Arcade/Crateconfusion.png;Arcade/Crateconfusion.hex;;;;
2;Ohyougonnadie;Arcade/oygd.png;Arcade/oygd.hex;;;;
2;Tinydepth;Action/Tinydepth.png;Action/Tinydepth.hex;;;;
2;PrizeFrenzy;Puzzle/prizefrenzy.png;Puzzle/prizefrenzy.hex;;;;
3;Runner;category-screens/Runner.png;;;;;
3;hollowseeker;Arcade/hollowseeker.png;Arcade/hollowseeker.hex;;;;
3;Chromedino;Arcade/Chromedino.png;Arcade/Chromedino.hex;;;;
3;Squario;Platformer/Squario.png;Platformer/Squario.hex;;;;
3;Flappyball;Arcade/Flappyball.png;Arcade/Flappyball.hex;;;;
3;Flappybird;Arcade/Flappybird.png;Arcade/Flappybird.hex;;;;
3;ZooEscape;Action/ZooEscape.png;Action/ZooEscape.hex;;;;
3;ShadowRunner;arg/ShadowRunner.png;arg/ShadowRunner.hex;;;;
3;Roorun;Arcade/Roorun.png;Arcade/Roorun.hex;;;;
3;Leannathelion;Arcade/Leannathelion.png;Arcade/Leannathelion.hex;;;;
3;ArduBuggy;Arcade/ArduBuggy.png;Arcade/ArduBuggy.hex;;;;
3;Fanboat;Arcade/Fanboat.png;Arcade/Fanboat.hex;;;;
3;YouWontSurvive;Arcade/YouWontSurvive.png;Arcade/YouWontSurvive.hex;;;;
3;SFCave;Arcade/SFCave.png;Arcade/SFCave.hex;;;;
4;Platformer;category-screens/Platformer.png;;;;;
4;CasteBoy;Platformer/CastleBoy.png;Platformer/CastleBoy.hex;;;;
4;SanSan;Action/Sansan.png;Action/Sansan.hex;;;;
4;MysticBalloon;arg/MysticBalloon.png;arg/MysticBalloon.hex;;;;
4;MidnightWild;Misc/MidnightWild.png;Misc/MidnightWild.hex;;;;
4;OmegaHorizon;Platformer/OmegaHorizon.png;Platformer/OmegaHorizon.hex;;;;
4;SquareNose;Platformer/SquareNose.png;Platformer/SquareNose.hex;;;;
4;Jetpac;Action/Jetpac.png;Action/Jetpac.hex;;;;
4;joustish;Arcade/joustish.png;Arcade/joustish.hex;;;;
4;poitto;Action/poitto.png;Action/poitto.hex;;;;
4;ecomd;arg/ecomd.png;arg/ecomd.hex;;;;
4;supercrate;Platformer/supercrate.png;Platformer/supercrate.hex;;;;
4;ninjafuzz;Platformer/ninjafuzz.png;Platformer/ninjafuzz.hex;;;;
4;bounce;Platformer/bounce.png;Platformer/bounce.hex;;;;
4;BigBlackBox;Platformer/BigBlackBox.png;Platformer/BigBlackBox.hex;;;;
4;njahr;Platformer/njahr.png;Platformer/njahr.hex;;;;
4;tinytower;Puzzle/tinytower.png;Puzzle/tinytower.hex;;;;
5;RPG;category-screens/RPG.png;;;;;
5;ardynia;RPG/ardynia.png;RPG/ardynia.hex;;;;
5;darkandunder;RPG/darkandunder.png;RPG/darkandunder.hex;;;;
5;Arduventure;RPG/Arduventure.png;RPG/Arduventure.hex;;;;
5;starhonor;RPG/starhonor.png;RPG/starhonor.hex;;;;
5;tacklebox;Arcade/tacklebox.png;Arcade/tacklebox.hex;;;;
5;MiniRogue;RPG/MiniRogue.png;RPG/MiniRogue.hex;;;;
5;underthetower;RPG/underthetower.png;RPG/underthetower.hex;;;;
5;Arduminer;RPG/Arduminer.png;RPG/Arduminer.hex;;;;
5;HelloCommander;RPG/HelloCommander.png;RPG/HelloCommander.hex;;;;
5;Rogue;RPG/Rogue.png;RPG/Rogue.hex;;;;
5;shatteredlands;RPG/shatteredlands.png;RPG/shatteredlands.hex;;;;
5;Fantasy;arg/Fantasy.png;arg/Fantasy.hex;;;;
5;tamaguino;Misc/tamaguino.png;Misc/tamaguino.hex;;;;
5;tqft;RPG/tqft.png;RPG/tqft.hex;;;;
6;Shooter;category-screens/Shooter.png;;;;;
6;microtank;Arcade/microtank.png;Arcade/microtank.hex;;;;
6;1944;Arcade/1944.png;Arcade/1944.hex;;;;
6;Sirene;arg/Sirene.png;arg/Sirene.hex;;;;
6;Junofirst;Action/Junofirst.png;Action/Junofirst.hex;;;;
6;Evade;Arcade/Evade.png;Arcade/Evade.hex;;;;
6;Evade2;Arcade/Evade2.png;Arcade/Evade2.hex;;;;
6;ardubullets;Shooter/ardubullets.png;Shooter/ardubullets.hex;;;;
6;StellarImpact;Shooter/StellarImpact.png;Shooter/StellarImpact.hex;;;;
6;Trenchrun;Action/Trenchrun.png;Action/Trenchrun.hex;;;;
6;TinyAsteroids;Shooter/TinyAsteroids.png;Shooter/TinyAsteroids.hex;;;;
6;l4arduboy;Shooter/l4arduboy.png;Shooter/l4arduboy.hex;;;;
6;Loverush;Arcade/Loverush.png;Arcade/Loverush.hex;;;;
6;trollyfish;arg/trollyfish.png;arg/trollyfish.hex;;;;
6;HumanityRevenge;Shooter/HumanityRevenge.png;Shooter/HumanityRevenge.hex;;;;
6;NightRaid;Shooter/NightRaid.png;Shooter/NightRaid.hex;;;;
6;Arcodia;Shooter/Arcodia.png;Shooter/Arcodia.hex;;;;
6;SuitShoter;Shooter/SuitShooter.png;Shooter/SuitShooter.hex;;;;
6;Millipe;Arcade/Millipe.png;Arcade/Millipe.hex;;;;
6;CosmicPods;Shooter/CosmicPods.png;Shooter/CosmicPods.hex;;;;
6;BattleForZ;Shooter/BattleForZ.png;Shooter/BattleForZ.hex;;;;
6;SpaceFighter;Shooter/SpaceFighter.png;Shooter/SpaceFighter.hex;;;;
6;SpaceKnife;Shooter/SpaceKnife.png;Shooter/SpaceKnife.hex;;;;
6;spacequarth;Puzzle/spacequarth.png;Puzzle/spacequarth.hex;;;;
6;CowBro;Shooter/CowBro.png;Shooter/CowBro.hex;;;;
6;TinyDigitalInvader;Shooter/TinyDigitalInvader.png;Shooter/TinyDigitalInvader.hex;;;;
6;101Starships;Shooter/101Starships.png;Shooter/101Starships.hex;;;;
6;KemonoPatrol;Shooter/KemonoPatrol.png;Shooter/KemonoPatrol.hex;;;;
6;TinyPlaque;Shooter/TinyPlaque.png;Shooter/TinyPlaque.hex;;;;
6;Siege;Action/Siege.png;Action/Siege.hex;;;;
7;Sports;category-screens/Sports.png;;;;;
7;SkateArdDie;Sports/SkateArdDie.png;Sports/SkateArdDie.hex;;;;
7;Ardletics;Sports/Ardletics.png;Sports/Ardletics.hex;;;;
7;Borisgoesskiing;Arcade/Borisgoesskiing.png;Arcade/Borisgoesskiing.hex;;;;
7;ArduBall;Arcade/ArduBall.png;Arcade/ArduBall.hex;;;;
7;tinytrick;Sports/tinytrick.png;Sports/tinytrick.hex;;;;
8;Music;category-screens/Music.png;;;;;
8;abSynthFM;Misc/abSynthFM.png;Misc/abSynthFM.hex;;;;
8;musicgenpocket;Application/musicgenpocket.png;Application/musicgenpocket.hex;;;;
8;ArduMetronome;Application/ArduMetronome.png;Application/ArduMetronome.hex;;;;
8;nanoseq;Misc/nanoseq.png;Misc/nanoseq.hex;;;;
8;petitseq;Misc/petitseq.png;Misc/petitseq.hex;;;;
8;arduloop;Misc/arduloop.png;Misc/arduloop.hex;;;;
9;Application;category-screens/Application.png;;;;;
9;eggmaster;Application/eggmaster.png;Application/eggmaster.hex;;;;
9;ArduboyGamepad;Application/ArduboyGamepad.png;Application/ArduboyGamepad.hex;;;;
9;VirtualGamepad;Application/VirtualGamepad.png;Application/VirtualGamepad.hex;;;;
9;Graph;Application/Graph.png;Application/Graph.hex;;;;
9;graph2;Application/graph2.png;Application/graph2.hex;;;;
9;ArduSaver;Application/ArduSaver.png;Application/ArduSaver.hex;;;;
9;screensaver;Demos/screensaver.png;Demos/screensaver.hex;;;;
9;GolfCompanion;Application/GolfCompanion.png;Application/GolfCompanion.hex;;;;
9;ArduboyLife;Misc/ArduboyLife.png;Misc/ArduboyLife.hex;;;;
9;gameoflife;Demos/gameoflife.png;Demos/gameoflife.hex;;;;
9;boids;Demos/boids.png;Demos/boids.hex;;;;
9;Silence;Misc/silence-a-text-adventure.png;Misc/silence-a-text-adventure.png;;;;
9;fidget;Demos/fidget.png;Demos/fidget.hex;;;;
9;book;Application/book.png;Application/book.hex;;;;
9;tgwnc;Misc/tgwnc.png;Misc/tgwnc.hex;;;;
9;ArduboyLightMeter;Application/ArduboyLightMeter.png;Application/ArduboyLightMeter.hex;;;;
9;arduEZ;Application/arduEZ.png;Application/arduEZ.hex;;;;
9;OktaArduToken;Application/OktaArduToken.png;Application/OktaArduToken.hex;;;;
9;ArduRemote;Application/ArduRemote.png;Application/ArduRemote.hex;;;;
9;sketch;Application/sketch.png;Application/sketch.hex;;;;
9;ardubrain;Application/ardubrain.png;Application/ardubrain.hex;;;;
9;CreditCard;Application/CreditCard.png;Application/CreditCard.hex;;;;
9;Calendar;Application/Calendar.png;Application/Calendar.hex;;;;
10;Tools;category-screens/Tools.png;;;;;
10;Ardutosh;Application/Ardutosh.png;Application/Ardutosh.hex;;;;
10;Abshell;Application/Abshell.png;Application/Abshell.hex;;;;
10;CodersToolbox;Application/Toolbox.png;Application/Toolbox.hex;;;;
10;ABAsmDP1;Application/ABAsmDP1.png;Application/ABAsmDP1.hex;;;;
10;ArduboyAssistant;Application/ArduboyAssistant.png;Application/ArduboyAssistant.hex;;;;
10;ASE;Application/ASE.png;Application/ASE.hex;;;;
10;PocketPDA;Application/PocketPDA.png;Application/PocketPDA.hex;;;;
10;brainfxck;Application/brainfxck.png;Application/brainfxck.hex;;;;
10;SetSystemEEPROM;Application/SetSystemEEPROM.png;Application/SetSystemEEPROM.hex;;;;
10;EEPROMEditor;Application/EEPROMEditor.png;Application/EEPROMEditor.hex;;;;
10;welcome;Application/welcome.png;Application/welcome.hex;;;;
