List,Discription,Title,Hex,Data,Save,Version,Developer,Info,Likes
0,Bootloader,arduboy-fx-loader.png,,,,,,,
1,Action,category-screens/Action.png,,,,,,,
1,Hopper,Action/hopper.png,Action/hopper.hex,,,,obono,,
1,Lasers,Arcade/Lasers.png,Arcade/Lasers.hex,,,,obono,,
1,chribocchi,Arcade/chribocchi.png,Arcade/chribocchi.hex,,,,obono,,
1,Bangi,Action/Bangi.png,Action/Bangi.hex,,,,igvina,,
1,Helii,Action/Helii.png,Action/Helii.hex,,,,BHSPitMonkey,,
1,Choplifter,Action/Choplifter.png,Action/Choplifter.hex,,,,filmote,,
1,Karatega,Action/Karatega.png,Action/Karatega.hex,,,,filmote,,
1,FestiveFight,Misc/FestiveFight.png,Misc/FestiveFight.hex,,,,crait,,
1,Kungfuescape,Arcade/Kungfuescape.png,Arcade/Kungfuescape.hex,,,,Sazazel,,
1,pocketfighter,Arcade/pocketfighter.png,Arcade/pocketfighter.hex,,,,WangRenxin,,
1,Bounce,Arcade/bounce.png,Arcade/bounce.hex,,,,RetrobitCoder,,
1,ArduBoyng,Arcade/ArduBoyng.png,Arcade/ArduBoyng.hex,,,,Troubadixx,,
1,To,Action/To.png,Action/To.hex,,,,waday,,
1,BipBipBip,Arcade/BipBipBip.png,Arcade/BipBipBip.hex,,,,JuiceLizard,,
1,ArduBreakout,Arcade/ArduBreakout.png,Arcade/ArduBreakout.hex,,,,SebGoscik,,
1,Technomonkey,Arcade/Technomonkey.png,Arcade/Technomonkey.hex,,,,RetrobitCoder,,
1,Quadrastic,Action/Quadrastic.png,Action/Quadrastic.hex,,,,dragula96,,
1,snake3,Arcade/snake3.png,Arcade/snake3.hex,,,,WojciechKo,,
1,LodeRunner,Action/LodeRunner.png,Action/LodeRunner.hex,Action/LevelData.bin,,,,,
2,Adventure,category-screens/Adventure.png,,,,,,,
2,curse,Puzzle/curse.png,Puzzle/curse.hex,,,,,,
2,Catacombsofthedamned,Action/Cotd.png,Action/Cotd.hex,,,,jhhoward,,
2,virus,arg/virus.png,arg/virus.hex,,,,TEAMarg,,
2,Glove,Action/Glove.png,Action/Glove.hex,,,,fuopy,,
2,Mazogs,Action/Mazogs.png,Action/Mazogs.hex,,,,Brian,,
2,ArduIndy,Action/ArduIndy.png,Action/ArduIndy.hex,,,,JacosteCode,,
2,Raynetherogue,Action/Raynetherogue.png,Action/Raynetherogue.hex,,,,shdwwzrd,,
2,Rayne2,Action/RAYNE2.png,Action/RAYNE2.hex,,,,shdwwzrd,,
2,ZooatMidnight,Action/zooatmidnight.png,Action/zooatmidnight.hex,,,,Hundstrasse,,
2,CyberHack,Arcade/CyberHack.png,Arcade/CyberHack.hex,,,,,,
3,Arcade,category-screens/Arcade.png,,,,,,,
3,FirePanic,Action/FirePanic.png,Action/FirePanic.hex,,,Version 1.0,Press Play On Tape,A remake of the classic Game and Watch game 'Fire'. Save the residents of the burning tower by catching them in your safety net and bouncing them into the awaiting ambulance before rushing them to hospital.,
3,Kong,Arcade/Kong.png,Arcade/Kong.hex,,,,Press Play On Tape,,
3,Kong2,Arcade/Kong2.png,Arcade/Kong2.hex,,,,Press Play On Tape,,
3,Turtlebridge,Arcade/Turtlebridge.png,Arcade/Turtlebridge.hex,,,,Press Play On Tape,,
3,SpaceCab,Arcade/SpaceCab.png,Arcade/SpaceCab.hex,,,,Press Play On Tape,,
3,LionTamer,Arcade/LionTamer.png,Arcade/LionTamer.hex,,,,Press Play On Tape,,
3,OilPanic,Arcade/OilPanic.png,Arcade/OilPanic.hex,,,,Press Play On Tape,,
3,Rooftop,Action/rooftop.png,Action/rooftop.hex,,,,Prototype,,
3,BiriBiriBeat,Arcade/biribiribeat.png,Arcade/biribiribeat.hex,,,,shiyouganai,,
3,Backtothejungle,Arcade/Backtothejungle.png,Arcade/Backtothejungle.hex,,,,eried,,
3,Fatsche,Arcade/Fatsche.png,Arcade/Fatsche.hex,,,,veritazz,,
3,BurgardTime,Arcade/BurgardTime.png,Arcade/BurgardTime.hex,,,,pixelplatforms,,
3,Arduwhack,Arcade/Arduwhack.png,Arcade/Arduwhack.hex,,,,zeduckmaster,,
3,JumpBoy,Arcade/JumpBoy.png,Arcade/JumpBoy.hex,,,,t-iwasaki,,
3,pooppanic,Arcade/pooppanic.png,Arcade/pooppanic.hex,,,,inajob,,
3,RoboDodge,Arcade/RoboDodge.png,Arcade/RoboDodge.hex,,,,Gaveno,,
3,APara,Arcade/Apara.png,Arcade/APara.hex,,,,leovt,,
3,Chickenlauncher,Arcade/Chickenlauncher.png,Arcade/Chickenlauncher.hex,,,,crait,,
3,Dancerow,Arcade/Dancerow.png,Arcade/Dancerow.hex,,,,madya121,,
3,keykat,Arcade/keykat.png,Arcade/keykat.hex,,,,pngwen,,
3,DeepDishNine,Misc/DeepDishNine.png,Misc/DeepDishNine.hex,,,,fentonc,,
3,2PlayersPack,Arcade/2PlayersPack.png,Arcade/2PlayersPack.hex,,,,,,
3,Arduman,Arcade/Arduman.png,Arcade/Arduman.hex,,,,Seth,,
3,Crateconfusion,Arcade/Crateconfusion.png,Arcade/Crateconfusion.hex,,,,Phoboslab,,
3,Ohyougonnadie,Arcade/oygd.png,Arcade/oygd.hex,,,,,,
3,Tinydepth,Action/Tinydepth.png,Action/Tinydepth.hex,,,,akkera102,,
3,PrizeFrenzy,Puzzle/prizefrenzy.png,Puzzle/prizefrenzy.hex,,,,madya121,,
4,Runner,category-screens/Runner.png,,,,,,,
4,hollowseeker,Arcade/hollowseeker.png,Arcade/hollowseeker.hex,,,,obono,,
4,Chromedino,Arcade/Chromedino.png,Arcade/Chromedino.hex,,,,flaki,,
4,Squario,Platformer/Squario.png,Platformer/Squario.hex,,,,chris,,
4,Flappyball,Arcade/Flappyball.png,Arcade/Flappyball.hex,,,,chris,,
4,Flappybird,Arcade/Flappybird.png,Arcade/Flappybird.hex,,,,GameExpress,,
4,ZooEscape,Action/ZooEscape.png,Action/ZooEscape.hex,,,,FerJerez,,
4,ShadowRunner,arg/ShadowRunner.png,arg/ShadowRunner.hex,,,,TEAMarg,,
4,Roorun,Arcade/Roorun.png,Arcade/Roorun.hex,,,,crait,,
4,Leannathelion,Arcade/Leannathelion.png,Arcade/Leannathelion.hex,,,,shdwwzrd,,
4,ArduBuggy,Arcade/ArduBuggy.png,Arcade/ArduBuggy.hex,,,,Nono_Nono,,
4,Fanboat,Arcade/Fanboat.png,Arcade/Fanboat.hex,,,,fanboat,,
4,YouWontSurvive,Arcade/YouWontSurvive.png,Arcade/YouWontSurvive.hex,,,,AstroAndre,,
4,SFCave,Arcade/SFCave.png,Arcade/SFCave.hex,,,,Slade1972,,
5,Platformer,category-screens/Platformer.png,,,,,,,
5,CasteBoy,Platformer/CastleBoy.png,Platformer/CastleBoy.hex,,,,jlauener,,
5,SanSan,Action/Sansan.png,Action/Sansan.hex,,,,chame,,
5,MysticBalloon,arg/MysticBalloon.png,arg/MysticBalloon.hex,,,,TEAMarg,,
5,MidnightWild,Misc/MidnightWild.png,Misc/MidnightWild.hex,,,,crait,,
5,OmegaHorizon,Platformer/OmegaHorizon.png,Platformer/OmegaHorizon.hex,,,,shdwwzrd,,
5,SquareNose,Platformer/SquareNose.png,Platformer/SquareNose.hex,,,,JuiceLizard,,
5,Jetpac,Action/Jetpac.png,Action/Jetpac.hex,,,,TheArduinoGuy,,
5,joustish,Arcade/joustish.png,Arcade/joustish.hex,,,,wuuff,,
5,poitto,Action/poitto.png,Action/poitto.hex,,,,inajob,,
5,ecomd,arg/ecomd.png,arg/ecomd.hex,,,,TEAMarg,,
5,supercrate,Platformer/supercrate.png,Platformer/supercrate.hex,,,,uXe,,
5,ninjafuzz,Platformer/ninjafuzz.png,Platformer/ninjafuzz.hex,,,,Hundstrasse,,
5,bounce,Platformer/bounce.png,Platformer/bounce.hex,,,,Joshimuz,,
5,BigBlackBox,Platformer/BigBlackBox.png,Platformer/BigBlackBox.hex,,,,STUDIOCRAFTapps,,
5,njahr,Platformer/njahr.png,Platformer/njahr.hex,,,,,,
5,tinytower,Puzzle/tinytower.png,Puzzle/tinytower.hex,,,,akkera102,,
6,Strategy,category-screens/Strategy.png,,,,,,,
6,microcity,Arcade/microcity.png,Arcade/microcity.hex,,,,jhhoward,,
6,microtd,Puzzle/microtd.png,Puzzle/microtd.hex,,,,drummyfish,,
6,Ardulem,Puzzle/Ardulem.png,Puzzle/Ardulem.hex,,,,banban,,
6,ARtillery,Arcade/ARtillery.png,Arcade/ARtillery.hex,,,,bergasms,,
7,Puzzle,category-screens/Puzzle.png,,,,,,,
7,LeWord,Puzzle/LeWord.png,Puzzle/LeWord.hex,Puzzle/LeWord.bin,,,,,
7,PiCross,Puzzle/Picross.png,Puzzle/Picross.hex,,,,,,
7,CircuitDude,Puzzle/CircuitDude.png,Puzzle/CircuitDude.hex,,,,crait,,
7,Logix,Puzzle/Logix.png,Puzzle/Logix.hex,,,,filmote,,
7,Atomicpuzzlepack,Puzzle/Atomicpuzzlepack.png,Puzzle/Atomicpuzzlepack.hex,,,,Atomic,,
7,Darkstar,Misc/Darkstar.png,Misc/Darkstar.hex,,,,MrBlinky,,
7,Sensitive,Puzzle/Sensitive.png,Puzzle/Sensitive.hex,,,,spinal,,
7,Blocks,Puzzle/Blocks.png,Puzzle/Blocks.hex,,,,w3woody,,
7,tinysokoban,Puzzle/tinysokoban.png,Puzzle/tinysokoban.hex,,,,akkera102,,
7,MAZEZAM,Puzzle/MAZEZAM.png,Puzzle/MAZEZAM.hex,,,,ardubeast,,
7,chiemagari,Puzzle/chiemagari.png,Puzzle/chiemagari.hex,,,,obono,,
7,Pipes,Puzzle/Pipes.png,Puzzle/Pipes.hex,,,,filmote,,
7,xmastree,Misc/xmastree.png,Misc/xmastree.hex,,,,MrBlinky,,
7,AMaze,Puzzle/AMaze.png,Puzzle/AMaze.hex,,,,Keyboard_Camper,,
7,Arduslide,Puzzle/Arduslide.png,Puzzle/Arduslide.hex,,,,gooberdlx,,
7,Crates3d,Puzzle/Crates3d.png,Puzzle/Crates3d.hex,,,,Brian,,
7,ringpuzzle,Puzzle/ringpuzzle.png,Puzzle/ringpuzzle.hex,,,,SSNikolaevich,,
7,LiteOut,Puzzle/LiteOut.png,Puzzle/LiteOut.hex,,,,kmk1018,,
7,2048,Puzzle/2048.png,Puzzle/2048.hex,,,,Yuki,,
7,1010,Puzzle/1010.png,Puzzle/1010.hex,,,,,,
7,termtwirl,Puzzle/termtwirl.png,Puzzle/termtwirl.hex,,,,Corruptio,,
8,Skill,category-screens/Skill.png,,,,,,,
8,curse,Puzzle/curse.png,Puzzle/curse.hex,,,,Press Play On Tape,,
8,Astarok,Puzzle/Astarok.png,Puzzle/Astarok.hex,,,,Press Play On Tape,,
8,KnightMove,Puzzle/knightmove.png,Puzzle/knightmove.hex,,,,obono,,
8,Samegame,Arcade/Samegame.png,Arcade/Samegame.hex,,,,obono,,
8,stairssweep,Puzzle/stairssweep.png,Puzzle/stairssweep.hex,,,,obono,,
8,psicolo,Puzzle/psicolo.png,Puzzle/psicolo.hex,,,,obono,,
8,Minesweeper,Puzzle/Minesweeper.png,Puzzle/Minesweeper.hex,,,,Pharap,,
8,begemmed,arg/begemmed.png,arg/begemmed.hex,,,,TEAMarg,,
8,Blobattack,arg/Blobattack.png,arg/Blobattack.hex,,,,TEAMarg,,
8,sudoku,Puzzle/sudoku.png,Puzzle/sudoku.hex,,,,neilsunw,,
8,Boxstacker,Puzzle/Boxstacker.png,Puzzle/Boxstacker.hex,,,,dragula96,,
8,Arduboysays,Puzzle/Arduboysays.png,Puzzle/Arduboysays.hex,,,,Slade,,
8,Diamonds,Arcade/diamonds.png,Arcade/diamonds.hex,,,,redbug,,
8,KOOKY,Puzzle/KOOKY.png,Puzzle/KOOKY.hex,,,,shdwwzrd,,
8,NumberMind,Puzzle/NumberMind.png,Puzzle/NumberMind.hex,,,,Yoshi,,
8,Bombzzle,Puzzle/Bombzzle.png,Puzzle/Bombzzle.hex,,,,HokuHakase,,
8,Floodfill,Puzzle/Floodfill.png,Puzzle/Floodfill.hex,,,,garyfranz,,
8,Tres,Puzzle/Tres.png,Puzzle/Tres.hex,,,,cajogold,,
8,Roshambo,Puzzle/Roshambo.png,Puzzle/Roshambo.hex,,,,CDR_Xavier,,
8,TicTacCurly,Puzzle/TicTacCurly.png,Puzzle/TicTacCurly.hex,,,,curly,,
8,Zoo,Puzzle/Zoo.png,Puzzle/Zoo.hex,,,,Yuki,,
8,SantasFactory,Puzzle/santasfactory.png,Puzzle/santasfactory.hex,,,,madya121,,
8,TNTank,Puzzle/tntank.png,Puzzle/tntank.hex,,,,madya121,,
8,NBOTK,Puzzle/NBOTK.png,Puzzle/NBOTK.hex,,,,bateske,,
9,Tabletop,category-screens/Tabletop.png,,,,,,,
9,Blackjack,Misc/Blackjack.png,Misc/Blackjack.hex,,,,filmote,,
9,Diceoffate,arg/Diceoffate.png,arg/Diceoffate.hex,,,,TEAMarg,,
9,reversi,Puzzle/reversi.png,Puzzle/reversi.hex,,,,obono,,
9,quarto,Puzzle/quarto.png,Puzzle/quarto.hex,,,,obono,,
9,littlerookchess,Demos/littlerookchess.png,Demos/littlerookchess.hex,,,,olikraus,,
9,Farkle,Puzzle/Farkle.png,Puzzle/Farkle.hex,,,,Press Play On Tape,,
9,MicroCheckers,Puzzle/MicroCheckers.png,Puzzle/MicroCheckers.hex,,,,Jezzamon,,
9,GermanWhist,Puzzle/Whist.png,Puzzle/Whist.hex,,,,Press Play On Tape,,
9,Cribbage,Puzzle/Cribbage.png,Puzzle/Cribbage.hex,,,,Press Play On Tape,,
9,Pocketothello,Puzzle/Pocketothello.png,Puzzle/Pocketothello.hex,,,,WangRenxin,,
9,Dominoes,Puzzle/Dominoes.png,Puzzle/Dominoes.hex,,,,Press Play On Tape,,
9,Yatzy,Puzzle/Yatzy.png,Puzzle/Yatzy.hex,,,,shdwwzrd,,
9,Cripplemronion,Puzzle/Cripplemronion.png,Puzzle/Cripplemronion.hex,,,,fentonc,,
10,Racing,category-screens/Racing.png,,,,,,,
10,Arddriving,Racing/Arddriving.png,Racing/Arddriving.hex,,,,Rem,,
10,ArduRacer,Racing/ArduRacer.png,Racing/ArduRacer.hex,,,,tonym128,,
10,Road Trip,Racing/RoadTrip.png,Racing/RoadTrip.hex,,,,,,
10,BoneShakers,Racing/BoneShakers.png,Racing/BoneShakers.hex,,,,jhhoward,,
10,CrazyKart,Racing/CrazyKart.png,Racing/CrazyKart.hex,,,,Alberto,,
10,Randocity,Racing/Randocity.png,Racing/Randocity.hex,,,,pmwasson,,
10,tinybike,Racing/tinybike.png,Racing/tinybike.hex,,,,ElectroLIB,,
11,RPG,category-screens/RPG.png,,,,,,,
11,ardynia,RPG/ardynia.png,RPG/ardynia.hex,,,,city41,,
11,darkandunder,RPG/darkandunder.png,RPG/darkandunder.hex,,,,GarageCollective,,
11,Arduventure,RPG/Arduventure.png,RPG/Arduventure.hex,,,,TEAMarg,,
11,starhonor,RPG/starhonor.png,RPG/starhonor.hex,,,,Wenceslao,,
11,tacklebox,Arcade/tacklebox.png,Arcade/tacklebox.hex,,,,city41,,
11,MiniRogue,RPG/MiniRogue.png,RPG/MiniRogue.hex,,,,Press Play On Tape,,
11,underthetower,RPG/underthetower.png,RPG/underthetower.hex,,,,wuuff,,
11,Arduminer,RPG/Arduminer.png,RPG/Arduminer.hex,,,,bergasms,,
11,HelloCommander,RPG/HelloCommander.png,RPG/HelloCommander.hex,,,,Fmanga,,
11,Rogue,RPG/Rogue.png,RPG/Rogue.hex,,,,BlueMax,,
11,shatteredlands,RPG/shatteredlands.png,RPG/shatteredlands.hex,,,,tuxinator2009,,
11,Fantasy,arg/Fantasy.png,arg/Fantasy.hex,,,,TEAMarg,,
11,tamaguino,Misc/tamaguino.png,Misc/tamaguino.hex,,,,Keyboard_Camper,,
11,tqft,RPG/tqft.png,RPG/tqft.hex,,,,,,
12,Shooter,category-screens/Shooter.png,,,,,,,
12,microtank,Arcade/microtank.png,Arcade/microtank.hex,,,,hartmann1301,,
12,1nvader,Shooter/1nvader.png,Shooter/1nvader.hex,,,,Press Play On Tape,,
12,1944,Arcade/1944.png,Arcade/1944.hex,,,,Press Play On Tape,,
12,Sirene,arg/Sirene.png,arg/Sirene.hex,,,,TEAMarg,,
12,Junofirst,Action/Junofirst.png,Action/Junofirst.hex,,,,Press Play On Tape,,
12,Evade,Arcade/Evade.png,Arcade/Evade.hex,,,,ModusCreate,,
12,Evade2,Arcade/Evade2.png,Arcade/Evade2.hex,,,,ModusCreate,,
12,ardubullets,Shooter/ardubullets.png,Shooter/ardubullets.hex,,,,obono,,
12,StellarImpact,Shooter/StellarImpact.png,Shooter/StellarImpact.hex,,,,gnargle,,
12,Trenchrun,Action/Trenchrun.png,Action/Trenchrun.hex,,,,lscardinali,,
12,TinyAsteroids,Shooter/TinyAsteroids.png,Shooter/TinyAsteroids.hex,,,,akkera102,,
12,l4arduboy,Shooter/l4arduboy.png,Shooter/l4arduboy.hex,,,,Yomogimaru,,
12,Loverush,Arcade/Loverush.png,Arcade/Loverush.hex,,,,Vampirics,,
12,trollyfish,arg/trollyfish.png,arg/trollyfish.hex,,,,TEAMarg,,
12,HumanityRevenge,Shooter/HumanityRevenge.png,Shooter/HumanityRevenge.hex,,,,giangregorioc,,
12,NightRaid,Shooter/NightRaid.png,Shooter/NightRaid.hex,,,,epbarger,,
12,Arcodia,Shooter/Arcodia.png,Shooter/Arcodia.hex,,,,TheArduinoGuy,,
12,SuitShoter,Shooter/SuitShooter.png,Shooter/SuitShooter.hex,,,,crait,,
12,Millipe,Arcade/Millipe.png,Arcade/Millipe.hex,,,,Dreamer2345,,
12,CosmicPods,Shooter/CosmicPods.png,Shooter/CosmicPods.hex,,,,cubic9com,,
12,BattleForZ,Shooter/BattleForZ.png,Shooter/BattleForZ.hex,,,,Mre64,,
12,SpaceFighter,Shooter/SpaceFighter.png,Shooter/SpaceFighter.hex,,,,PolygonAndPixel,,
12,SpaceKnife,Shooter/SpaceKnife.png,Shooter/SpaceKnife.hex,,,,streetalchemist,,
12,spacequarth,Puzzle/spacequarth.png,Puzzle/spacequarth.hex,,,,Schuemi,,
12,CowBro,Shooter/CowBro.png,Shooter/CowBro.hex,,,,GERD,,
12,TinyDigitalInvader,Shooter/TinyDigitalInvader.png,Shooter/TinyDigitalInvader.hex,,,,akkera102,,
12,101Starships,Shooter/101Starships.png,Shooter/101Starships.hex,,,,Zoglu,,
12,KemonoPatrol,Shooter/KemonoPatrol.png,Shooter/KemonoPatrol.hex,,,,metalidol,,
12,TinyPlaque,Shooter/TinyPlaque.png,Shooter/TinyPlaque.hex,,,,ElectroLIB,,
12,Siege,Action/Siege.png,Action/Siege.hex,,,,shdwwzrd,,
13,Sports,category-screens/Sports.png,,,,,,,
13,SkateArdDie,Sports/SkateArdDie.png,Sports/SkateArdDie.hex,,,,pixelplatforms,,
13,Ardletics,Sports/Ardletics.png,Sports/Ardletics.hex,,,,igvina,,
13,Borisgoesskiing,Arcade/Borisgoesskiing.png,Arcade/Borisgoesskiing.hex,,,,sones,,
13,ArduBall,Arcade/ArduBall.png,Arcade/ArduBall.hex,,,,2BarrelShotgun,,
13,tinytrick,Sports/tinytrick.png,Sports/tinytrick.hex,,,,ElectroLIB,,
14,Music,category-screens/Music.png,,,,,,,
14,abSynthFM,Misc/abSynthFM.png,Misc/abSynthFM.hex,,,,boochow,,
14,musicgenpocket,Application/musicgenpocket.png,Application/musicgenpocket.hex,,,,inajob,,
14,ArduMetronome,Application/ArduMetronome.png,Application/ArduMetronome.hex,,,,raspberrybrain,,
14,nanoseq,Misc/nanoseq.png,Misc/nanoseq.hex,,,,inajob,,
14,petitseq,Misc/petitseq.png,Misc/petitseq.hex,,,,inajob,,
14,arduloop,Misc/arduloop.png,Misc/arduloop.hex,,,,possan,,
15,Application,category-screens/Application.png,,,,,,,
15,eggmaster,Application/eggmaster.png,Application/eggmaster.hex,,,,Prototype,,
15,ArduboyGamepad,Application/ArduboyGamepad.png,Application/ArduboyGamepad.hex,,,,fuopy,,
15,VirtualGamepad,Application/VirtualGamepad.png,Application/VirtualGamepad.hex,,,,eried,,
15,Graph,Application/Graph.png,Application/Graph.hex,,,,V360,,
15,graph2,Application/graph2.png,Application/graph2.hex,,,,V360,,
15,ArduSaver,Application/ArduSaver.png,Application/ArduSaver.hex,,,,Prototype,,
15,screensaver,Demos/screensaver.png,Demos/screensaver.hex,,,,blockbird,,
15,GolfCompanion,Application/GolfCompanion.png,Application/GolfCompanion.hex,,,,Vampirics,,
15,ArduboyLife,Misc/ArduboyLife.png,Misc/ArduboyLife.hex,,,,MLXXXp,,
15,gameoflife,Demos/gameoflife.png,Demos/gameoflife.hex,,,,kmasato,,
15,boids,Demos/boids.png,Demos/boids.hex,,,,elpassion,,
15,Silence,Misc/silence-a-text-adventure.png,Misc/silence-a-text-adventure.hex,,,,rainnw,,
15,fidget,Demos/fidget.png,Demos/fidget.hex,,,,Trigonated,,
15,book,Application/book.png,Application/book.hex,,,,drummyfish,,
15,tgwnc,Misc/tgwnc.png,Misc/tgwnc.hex,,,,JuiceLizard,,
15,ArduboyLightMeter,Application/ArduboyLightMeter.png,Application/ArduboyLightMeter.hex,,,,MLXXXp,,
15,arduEZ,Application/arduEZ.png,Application/arduEZ.hex,,,,shiyouganai,,
15,OktaArduToken,Application/OktaArduToken.png,Application/OktaArduToken.hex,,,,afitnerd,,
15,ArduRemote,Application/ArduRemote.png,Application/ArduRemote.hex,,,,eried,,
15,sketch,Application/sketch.png,Application/sketch.hex,,,,ccaroon,,
15,ardubrain,Application/ardubrain.png,Application/ardubrain.hex,,,,renato-grottesi,,
15,CreditCard,Application/CreditCard.png,Application/CreditCard.hex,,,,madya121,,
15,Calendar,Application/Calendar.png,Application/Calendar.hex,,,,hartmann1301,,
16,Tools,category-screens/Tools.png,,,,,,,
16,Ardutosh,Application/Ardutosh.png,Application/Ardutosh.hex,,,,jhhoward,,
16,Abshell,Application/Abshell.png,Application/Abshell.hex,,,,boochow,,
16,CodersToolbox,Application/Toolbox.png,Application/Toolbox.hex,,,,filmote,,
16,ABAsmDP1,Application/ABAsmDP1.png,Application/ABAsmDP1.hex,,,,fuopy,,
16,ArduboyAssistant,Application/ArduboyAssistant.png,Application/ArduboyAssistant.hex,,,,crait,,
16,ASE,Application/ASE.png,Application/ASE.hex,,,,pmwasson,,
16,PocketPDA,Application/PocketPDA.png,Application/PocketPDA.hex,,,,WangRenxin,,
16,brainfxck,Application/brainfxck.png,Application/brainfxck.hex,,,,red-hara,,
16,SetSystemEEPROM,Application/SetSystemEEPROM.png,Application/SetSystemEEPROM.hex,,,,MLXXXp,,
16,EEPROMEditor,Application/EEPROMEditor.png,Application/EEPROMEditor.hex,,,,filmote,,
16,welcome,Application/welcome.png,Application/welcome.hex,,,,bateske,,