List;Description;Title;Hex;Data;Save;Version;Developer;Info;Likes;URL;Source;Start;End;Hash
0;Bootloader;category-screens/Wheezer_Home screen.png;;;;;;;;;;;;
1;Wheezer_Instructions;category-screens/Wheezer_Instructions.png;;;;;;;;;;;;;
2;Wheezer_Fav;category-screens/Wheezer_Fav.png;;;;;;;;;;;;;
2;Arduventure;RPG/Arduventure.png;RPG/Arduventure.hex;;;1.0;Team ARG;Arduventure is a classic top-down 8-Bit RPG with original monochrome graphics and musical score. Collect items, weapons, armor, amulets and magic to fight enemies in turn-based battle system. Explore a massive world map larger than the one in Zelda: Links Awakening!;;https://community.arduboy.com/t/arduventure-12th-team-a-r-g-game/5651;;16;65;0;
2;Hopper;Action/hopper.png;Action/hopper.hex;;;1.0;Obono;There are square panels around you. You must jump on them and go up (foreground side). If you miss the panel and fall toward bottom, the game is over.;;https://community.arduboy.com/t/hopper-a-simple-action-game/4293;https://github.com/obono/ArduboyWorks;800;831;0;
2;Kong;Arcade/Kong.png;Arcade/Kong.hex;;;1.0.3;Press Play On Tape;A remake of the classic Game and Watch game Donkey Kong. Kong has stolen your lunch again. Avoid the barrels and topple the gorilla to retrieve it!;;https://community.arduboy.com/t/kong-1-0-3/7962;https://github.com/Press-Play-On-Tape/Kong;453;479;0;
2;'Ard Drivin';Racing/Arddriving.png;Racing/Arddriving.hex;;;1.0;Rem;A fast paced racing sim.;;https://community.arduboy.com/t/ard-drivin-fast-paced-racing-sim/3178;https://github.com/rveilleux/ard-drivin;na;na;na;
2;Evade;Arcade/Evade.png;Arcade/Evade.hex;;;1.0;Modus Create;Side scrolling space shooter.;;https://community.arduboy.com/t/evade-side-scrolling-space-shooter/2712;https://github.com/ModusCreateOrg/evade-arduboy-game;0;57;0;
2;Omega Horizon;Platformer/OmegaHorizon.png;Platformer/OmegaHorizon.hex;;;1.3;shdwwzrd;The planet of Turnax has extensive mineral deposits of high value to the Interplanetary Allied Confederation (IPAC). Recent unanticipated attacks by primative species have proven damaging to mining operations. Your mission is to eliminate the primitive hierarchy in minimal time.;;https://community.arduboy.com/t/omega-horizon-a-neo-retro-game/3620;,;na;na;na;
2;Catacombs Of The Damned;Action/Cotd.png;Action/Cotd.hex;;;1.0;jhhoward;Catacombs of the Damned! is a first person shooter / dungeon crawler where you navigate 10 floors of a randomly generated dungeon dispatching monsters with your magic fireballs whilst collecting as much loot as possible.;;https://community.arduboy.com/t/catacombs-of-the-damned-formerly-another-fps-style-3d-demo/6565;https://github.com/jhhoward/Arduboy3D;na;na;na;
2;Castle Boy;Platformer/CastleBoy.png;Platformer/CastleBoy.hex;;;1.0;jlauener;A Castlvania demake.;;https://community.arduboy.com/t/castleboy-castlevania-demake/3011;https://github.com/jlauener/CastleBoy;na;na;na;
2;Shadow Runner;arg/ShadowRunner.png;arg/ShadowRunner.hex;;;1.0;Team ARG;A shadow lost his kid by wandering too far away from the light. Now it must find its coloured equal to become one again.;;https://community.arduboy.com/t/shadow-runner-first-conversion-of-a-team-a-r-g-game/239;;na;na;na;
2;Ardynia;RPG/ardynia.png;RPG/ardynia.hex;;;1.0;city41;Ardynia - a Zelda style adventure.;;https://community.arduboy.com/t/ardynia-a-zelda-style-adventure/6336;https://github.com/city41/ardynia/releases;64;124;0;
2;3bsl9v8od9pc5hstuoaeo8c674_1;temp/3bsl9v8od9pc5hstuoaeo8c674_1.png;temp/3bsl9v8od9pc5hstuoaeo8c674_1.hex;;;;;;;;;na;na;na;
2;2048;Puzzle/2048.png;Puzzle/2048.hex;;;1.0;Yuki;The classic 2048 sliding tile puzzle.;;http://gadgetr.seesaa.net/article/t2048.html;;;;;
2;Atomic Puzzle Pack;Puzzle/Atomicpuzzlepack.png;Puzzle/Atomicpuzzlepack.hex;;;1.0;Atomic;Three different puzzle games in one!;;https://community.arduboy.com/t/atomic-puzzle-pack/459;https://github.com/atomic-salamander/puzzle_pack;16;44;0;
2;Oil Panic;Arcade/OilPanic.png;Arcade/OilPanic.hex;;;1.0;Press Play On Tape;Inspired by yet another Game and Watch - PPOT presents Oil Panic. Catch all the oil before it sets the shop on fire!;;https://community.arduboy.com/t/oil-panic-v1-0/9278;https://github.com/Press-Play-On-Tape/OilPanic;543;563;0;
3;Wheezer_Action;category-screens/Wheezer_Action.png;;;;;;;;;;;;;
3;Hollow Seeker;Arcade/hollowseeker.png;Arcade/hollowseeker.hex;;;1.0;Obono;Go forward in right direction. Seek a hollow as refuge not to be crushed.;;https://community.arduboy.com/t/hollow-seeker-a-simple-action-game/2594;https://github.com/obono/ArduboyWorks;768;799;0;
3;Lasers;Arcade/Lasers.png;Arcade/Lasers.hex;;;1.0;Obono;Lasers - A simple Ikaruga-like game.;;https://community.arduboy.com/t/lasers-a-simple-ikaruga-like-game/7310s;https://github.com/obono/ArduboyWorks;960;991;0;
3;Bangi;Action/Bangi.png;Action/Bangi.hex;;;1.0;Igvina;Bangi is a classic arcade game where you must shoot and destroy each of the balloons that appear in each level.;;https://community.arduboy.com/t/bangi-destroy-all-the-balloons/2016;http://moblynx.com/arduboy/Bangi_1.0_arduboy.zip;144;152;0;
3;Choplifter;Action/Choplifter.png;Action/Choplifter.hex;;;1.1.1;Press Play On Tape;Rescue the hostages from behind enemy lines - but look out for the tanks that patrol the grounds! An Apple II remake!;;https://community.arduboy.com/t/choplifter-v1-1-1/4867;https://github.com/Press-Play-On-Tape/Choplifter;na;na;na;
3;Flappy Ball;Arcade/Flappyball.png;Arcade/Flappyball.hex;;;1.0;Chris;A flappy bird clone.;;https://community.arduboy.com/t/flappy-ball/1011;https://github.com/MLXXXp/FlappyBall;na;na;na;
3;Lode Runner;Action/LodeRunner.png;Action/LodeRunner.hex;Action/LevelData.bin;;1.0;Press Play On Tape;Collect all of the gold pieces without being touched by a guard then make your way to the top of the screen and to the next level. Stop guards by burning a hole in normal bricks so that they will fall in - revealing any gold they might be carrying.;;https://community.arduboy.com/t/lode-runner-fx/10313;https://github.com/Press-Play-On-Tape/LodeRunner_FX;175;186;0;
3;Karateka;Action/Karatega.png;Action/Karatega.hex;;;0.9;Press Play On Tape;Rescue Princess Mariko from within the Akum'a castle fortress.;;https://community.arduboy.com/t/karateka-v0-9/4852;https://github.com/Press-Play-On-Tape/Karateka;na;na;na;
3;Roo Run;Arcade/Roorun.png;Arcade/Roorun.hex;;;1.0;Crait;The zoo had to close and now all the animals are trying to escape! Help the kangaroo run away from the animal control who's trying to catch him.;;https://community.arduboy.com/t/roo-run-a-kangaroo-escape-story/3561;http://crait.net/download.php?file=RooRun.ino;476;477;0;
3;Festive Fight;Misc/FestiveFight.png;Misc/FestiveFight.hex;;;1.0;Crait;Holiday mascots from throughout the calendar must fight in order to compete for the affection of the children throughout the world for some weird reason.;;https://community.arduboy.com/t/festive-fight-a-holiday-fighting-game/4622;;na;na;na;
3;Leanna The Lion;Arcade/Leannathelion.png;Arcade/Leannathelion.hex;;;1.0;shdwwzrd;Leanna may be a lion, but she knows what she likes: She wants fresh meat from her favorite restaurant.;;https://community.arduboy.com/t/leanna-the-lion-game-jam-entry/3560;;984;985;0;
3;Flappy Birdie;Arcade/Flappybird.png;Arcade/Flappybird.hex;;;1.0;GameExpress;A flappy bird clone.;;https://community.arduboy.com/t/flappy-birdie-a-flappy-bird-clone-1-5-update/4840;https://github.com/GameExpress/FlappyBirdie;16;21;0;
3;To;Action/To.png;Action/To.hex;;;1.0;waday;You are the developer of the door with the teleport function. But just before completion, someone is trying to destroy the door. There seems to be no choice but to distort the space with the power of the door and to prevent destruction.;;https://community.arduboy.com/t/to-action-game/2503;https://github.com/waday/to;150;199;0;
3;Zoo Escape;Action/ZooEscape.png;Action/ZooEscape.hex;;;1.0;FerJerez;The animals have escaped! Avoid the animals by jumping over them and landing on the crocodiles mouth to snap it shut.;;https://community.arduboy.com/t/zooescape-entry-for-the-jam/3544;https://github.com/ferjerez/ZooEscape;na;na;na;
4;Adventure;category-screens/Adventure.png;;;;;;;;;;;;;
4;Virus LQP-79;arg/virus.png;arg/virus.hex;;;1.0;Team ARG;A virus turned your neighbours into Zombies but not all are infected. Find them .. quick!;;https://community.arduboy.com/t/virus-lqp-79-eighth-team-a-r-g-game/1646;;80;88;0;
4;ArduRogue;RPG/ardurogue.png;RPG/ardurogue.hex;;;1.0;brow1067;ArduRogue: a traditional roguelike for the Arduboy.;;https://community.arduboy.com/t/ardurogue-a-traditional-roguelike-for-the-arduboy/10411;https://github.com/tiberiusbrown/ardurogue;;;;
4;Dark and Under;RPG/darkandunder.png;RPG/darkandunder.hex;;;1.0;Garage Collective;A dungeon crawler for the Arduboy.;;https://community.arduboy.com/t/dark-under-a-dungeon-crawler/4637;https://github.com/Garage-Collective;116;144;0;
4;Tackle Box;Arcade/tacklebox.png;Arcade/tacklebox.hex;;;1.0;city41;Similar to the classic Legend of the River King, Tackle Box is a fishing-themed role playing video game.;;http://city41.games/tacklebox/;https://github.com/city41/tacklebox;64;182;0;
4;Under The Tower;RPG/underthetower.png;RPG/underthetower.hex;;;1.0;wuuff;n a dying city, cut off from the world due to plague, The Tower stands above its center. While the rich and powerful gather in the tower, safe from the devastation below, those below are not so lucky. Among the trash on mud flats by the river, scavengers seek to find anything valuable. They are known as Mudlarks. This is the tale of one of the many unfortunate souls that lives..;;https://community.arduboy.com/t/under-the-tower-rpg/5613;https://github.com/wuuff/under-the-tower-arduboy;79;105;0;
4;Hello Commander;RPG/HelloCommander.png;RPG/HelloCommander.hex;;;1.0;Fmanga;'Hello, Commander' is a Turn-Based Strategy game for the Arduboy.;;https://community.arduboy.com/t/hello-commander/4601;https://github.com/felipemanga/HelloCommander;na;na;na;
4;Glove;Action/Glove.png;Action/Glove.hex;;;1.0;fuopy;Glove is an action-adventure game created in the style of the classic Gauntlet series. Navigate from room to room, blasting bad guys and collecting treasure along the way;;https://community.arduboy.com/t/glove-a-lighter-softer-cozier-gauntlet/214;https://github.com/fuopy/glove;300;399;0;
4;Mini Rogue;RPG/MiniRogue.png;RPG/MiniRogue.hex;;;1.0;Press Play On Tape;Mini Rogue is a 9-card game in which a single player delves into a deep dungeon to get the famous ruby called The Og's Blood on the bottom floor. The player must choose how to spend their resources in order to be powerful enough to confront ever difficult monsters. Random events and encounters make every play-through a unique experience.;;https://community.arduboy.com/t/mini-rogue-unofficial-game-jam-4/6405;https://github.com/Press-Play-On-Tape/MiniRogue;140;146;0;
4;Fantasy Rampage;arg/Fantasy.png;arg/Fantasy.hex;;;1.0;Team ARG;A two-player card battle game.;;https://community.arduboy.com/t/fantasy-rampage-11th-team-a-r-g-game/3662;;na;na;na;
4;Mazogs;Action/Mazogs.png;Action/Mazogs.hex;;;1.0;Brian;A port of the 1982 game 'Mazogs' for the ZX81 adapted for the Arduboy;;https://community.arduboy.com/t/mazogs-a-port-of-the-zx81-maze-adventure-game/676;https://github.com/briansm-github/mazogs;na;na;na;
4;Shattered Lands;RPG/shatteredlands.png;RPG/shatteredlands.hex;;;1.4;tuxinator2009;Shattered Lands - a multi-part RPG saga for Arduboy.;;https://community.arduboy.com/t/shattered-lands-a-multi-part-rpg-saga-for-arduboy/8400;https://github.com/tuxinator2009/ShatteredLands;16;70;0;
4;Rogue;RPG/Rogue.png;RPG/Rogue.hex;;;1.0;BlueMax;Rogue-like ascii based adventure for the Arduboy;;https://community.arduboy.com/t/rogue-like-ascii-based-on-arduboy/7144;https://github.com/Pharap/BlueMaxAsciiRogue;20;607;0;
4;Star Honor;RPG/starhonor.png;RPG/starhonor.hex;;;1.0;Wenceslao;Star Honor is a Roguelike space adventure where you are field promoted into the Captain's chair of the USS Arduino. Your home world has become the victim of the a biological weapon deployed by enemies. You posses the only hope for your world, a cure for the phage. With a skeleton crew, a limping vessel and time running out, you must travel world to world, seeking supplies, upgrades and doing battle to make it home and save your planet.;;https://community.arduboy.com/t/star-honor-a-space-roguelike-adventure/1936;https://github.com/wvillanueva/StarHonor;na;na;na;
4;ArduIndy;Action/ArduIndy.png;Action/ArduIndy.hex;;;2.5;Jacoste;ArduIndy - Inspired by ZX Spectrum game 'Sabre Wulf'.;;https://community.arduboy.com/t/arduindy-inspired-by-zx-spectrum-game-sabre-wulf-updated-to-2-50-sup;https://github.com/JacosteCode/ArduIndy;903;948;0;
4;Rayne the Rogue;Action/Raynetherogue.png;Action/Raynetherogue.hex;;;1.0;shdwwzrd;As a child Rayne watched the rich from the streets of the village and burned with jealousy. After years and years of poverty an idea formed. Rayne has decided to sneak into the lairs of dragons and steel their treasures. Rayne need your help to navigate the dangerous caves and avoid the dragon's breath to become the wealthiest person in the village - but take heed the further Rayne gets the more treacherous it will be!;;https://community.arduboy.com/t/rayne-the-rogue/1020;https://github.com/shdwwzrd/RAYNE_THE_ROGUE;973;984;0;
4;Rayne the Rogue 2;Action/RAYNE2.png;Action/RAYNE2.hex;;;1.0;shdwwzrd;After barely escaping the dragon's lairs Rayne traveled the world in search for the next big adventure. Rayne came across a rumor of a magic lamp hidden within a castle. The lamp is guarded by vicious creatures hunting down any interlopers. Help Rayne navigate the castle and avoid the beasts to get the lamp.;;https://community.arduboy.com/t/rayne-the-rogue-2/7656;;;;;
4;Zoo at Midnight;Action/zooatmidnight.png;Action/zooatmidnight.hex;;;1.0;Hundstrasse;Scrawf must sneak around the zoo to collect the food ans feed the animals before and escaping - all without being caught in the flashlight beam of the zoo wardens!;;https://community.arduboy.com/t/zoo-at-midnight-version-1-0-released/3524;https://hundstrasse.com/arduboy-games/zoo-at-midnight/;na;na;na;
4;CyberHack;Arcade/CyberHack.png;Arcade/CyberHack.hex;;;1.0;Press Play On Tape;The corrupted Corpo has to be stopped and your hacking skills will be invaluable. Inspired by the game CyberPunk.;;https://community.arduboy.com/t/cyberhack-v1-0/9639;https://github.com/Press-Play-On-Tape/Cyberhack;673;711;1;
5;Arcade;category-screens/Arcade.png;;;;;;;;;;;;;
5;Beam 'em Up;Arcade/BeamEmUp.png;Arcade/BeamEmUp.hex;;;1.0;BenUnwired;You play a space squid that just wants to mess with some local cows. Move around the multi-screen landscape and use the A button to tractor beam the creatures and move them around the screen. Stopping the beam will let them go, but they're pretty resilient.;;https://community.arduboy.com/t/beam-em-up-game-jam-5/9200;https://github.com/unwiredben/arduboy-beamemup;;;;
5;Ravine Despoiler;Arcade/RavineDespoiler.png;Arcade/RavineDespoiler.hex;;;1.0;BenUnwired;Based on the Atari arcade game Canyon Bomber. You can speed up or slow down your plane and drop bombs in the canyon to knock out boulders for points. Missing rocks will result in losing points, while hitting multiple boulders at once gives extra points. The game is over when the canyon is emptied. I'm not sure what the theoretical high score is, but my best games have been around 240 with several misses.;;https://community.arduboy.com/t/ravine-despoiler/9284;https://github.com/unwiredben/arduboy-ravine-despoiler/;;;;
5;Fire Panic;Action/FirePanic.png;Action/FirePanic.hex;;;1.0;Press Play On Tape;A remake of the classic Game and Watch game 'Fire'. Save the residents of the burning tower by catching them in your safety net and bouncing them into the awaiting ambulance before rushing them to hospital.;;https://community.arduboy.com/t/fire-panic-1-0/7468;https://github.com/Press-Play-On-Tape/FirePanic;120;147;0;
5;Kong II;Arcade/Kong2.png;Arcade/Kong2.hex;;;1.0;Press Play On Tape;A remake of the classic Game and Watch game Donkey Kong II. Kong has been locked up but Kong Jnr can save him!;;https://community.arduboy.com/t/kong-ii-1-0-0/8549;https://github.com/Press-Play-On-Tape/Kong-II;713;719;0;
5;Turtle Bridge;Arcade/Turtlebridge.png;Arcade/Turtlebridge.hex;;;1.3;Press Play On Tape;A remake of the classic Game and Watch game Turtle Bridge. Carry the package to the awaiting truck by jumping across the turtle's backs. Watch out as they may dive for a snack!;;https://community.arduboy.com/t/turtle-bridge-1-3/7786;https://github.com/Press-Play-On-Tape/TurtleBridge;171;197;0;
5;Space Cab;Arcade/SpaceCab.png;Arcade/SpaceCab.hex;;;1.0.1;Press Play On Tape;A tribute to the classic Commodore 64 game Space Taxi! Collect and deliver customers to their destination as quickly as possible to make the most money! But be careful and make sure you do not run out of fuel land without deploying your landing gear or squash a customer.;;https://community.arduboy.com/t/space-cab-v1-0-1/6055;https://github.com/Press-Play-On-Tape/SpaceCab;166;193;0;
5;Lion Tamer;Arcade/LionTamer.png;Arcade/LionTamer.hex;;;1.0;Press Play On Tape;Inspired by yet another Game and Watch - PPOT presents Lion Tamer. Someone has left the lion's cage doors open! Keep them from escaping by blocking their path with your trusty chair. Play alone or with a second lion tamer!;;https://community.arduboy.com/t/lion-tamer-game-jam-5/9135;https://github.com/Press-Play-On-Tape/Lion;206;220;0;
5;Rooftop Rescue;Action/rooftop.png;Action/rooftop.hex;;;1.0;Prototype;Rescue the trapped people as fire consumes the city.;;https://community.arduboy.com/t/rooftop-rescue/7269;https://github.com/BertVeer/Rooftop;911;913;0;
5;BiriBiriBeat;Arcade/biribiribeat.png;Arcade/biribiribeat.hex;;;1.0;shiyouganai;BiriBiriBeat is a rhythm game! Its title is derived from ???? - a Japanese onomatopoeia used to describe an electric shock or vibration.;;https://community.arduboy.com/t/biribiribeat-a-miniature-rhythm-game-for-arduboy/8560;http://shiyouganai.dev/biribiribeat/;16;43;0;
5;Back To The Jungle;Arcade/Backtothejungle.png;Arcade/Backtothejungle.hex;;;1.8;eried;The Zoo had to close, what can the animals do? A small arcade game, inspired slighty on frogger (but sideways).;;https://community.arduboy.com/t/back-to-the-jungle-entry-for-the-jam/3542;https://github.com/eried/ArduboyBackToTheJungle;116;121;0;
5;Fatsche;Arcade/Fatsche.png;Arcade/Fatsche.hex;;;1.0;veritazz;Defend the town from the marauders.;;https://community.arduboy.com/t/fatsche-defend-the-door/1714;https://github.com/veritazz/Fatsche;16;19;0;
5;Burgard Time;Arcade/BurgardTime.png;Arcade/BurgardTime.hex;;;1.0;pixelplatforms;Peter Pepper  must walk over hamburger ingredients located across a maze of platforms while avoiding characters who pursue him.;;https://community.arduboy.com/t/new-game-burgardtime/2052;https://github.com/gdmcvittie/BurgardTime;na;na;na;
5;APara;Arcade/Apara.png;Arcade/APara.hex;;;1.0;leovt;Catch the paratroopers jumping out of a helicopter before they fall in the water.;;https://community.arduboy.com/t/apara-classic-paratrooper-catching-game/2538;https://github.com/leovt/APara;na;na;na;
5;Chicken Launcher;Arcade/Chickenlauncher.png;Arcade/Chickenlauncher.hex;;;1.1;Crait;Shoot a chicken as far as you can. Try to hit springboards to give you a boost but watch out for spikes!;;https://community.arduboy.com/t/chicken-launcher-a-bird-flinging-game/2142;http://crait.net/download.php?file=ChickenLauncher.ino;420;423;0;
6;Platformer;category-screens/Platformer.png;;;;;;;;;;;;;
6;SanSan;Action/Sansan.png;Action/Sansan.hex;;;1.0;chame;SanSan is a name of little Santa. A weapon is his bag! This is Son Son, Rygar inspired action game, but add some original ideas.;;https://community.arduboy.com/t/sansan-son-son-rygar-inspired-action-game/4621;http://vxo.jp/arduboy/sansan/sansan.zip;na;na;na;
6;Mystic Balloon;arg/MysticBalloon.png;arg/MysticBalloon.hex;;;1.0;Team ARG;Jump around, jump up and get down, jump around, float around, jump float, jump, float. Collect those coins.;;https://community.arduboy.com/t/mystic-balloon-9th-team-a-r-g-game-39-levels/1983;https://github.com/Gaveno/ID-34-Mystic-Balloon;67;79;0;
6;Midnight Wild;Misc/MidnightWild.png;Misc/MidnightWild.hex;;;1.3;Crait;Something's gone awry out West! Help Dusty Argile adventure out and defeat the baddies who are causing a commotion and stopping him from getting a good night's rest. Put them to sleep with your handy lasso and rack up as many points as you can, but watch out for falling barrels, cacti, whirling tumbleweeds, snakes, and coyotes! Most of all, watch out for the mad bull and crazy Texan twister!;;https://community.arduboy.com/t/midnight-wild-a-cowboy-themed-metroidvania/5623;http://crait.net/download.php?file=MidnightWild.zip;626;627;0;
6;Jetpac;Action/Jetpac.png;Action/Jetpac.hex;;;1.0;TheArduinoGuy;You are an astronaut on an alien planet with a Jet Pac. Assemble you rocket and gather fuel before taking off.;;https://community.arduboy.com/t/arduboy-jet-pac/2888;https://github.com/thearduinoguy/ArduBoyJetPack;528;531;0;
6;Joustish;Arcade/joustish.png;Arcade/joustish.hex;;;1.0;wuuff;A game quite like Joust!;;https://community.arduboy.com/t/joustish-a-game-quite-like-joust/5504;https://github.com/wuuff/joustish;709;744;0;
6;Epic Cratres of Mass Destruction;arg/ecomd.png;arg/ecomd.hex;;;1.0;Team ARG;Obviously .. something went wrong. That's for sure! You are hired to fix it. No questions asked. Licensed to shoot all that moves!;;https://community.arduboy.com/t/epic-crates-of-mass-destruction-fifth-team-a-r-g-game/712;;na;na;na;
6;Super Crate Buino;Platformer/supercrate.png;Platformer/supercrate.hex;;;1.0;uXe;A platform-action-shooting game.;;https://community.arduboy.com/t/super-crate-buino/8482;https://github.com/uXeBoy/Super-Crate-Buino;216;223;0;
6;Ninja Fuzzgrawth;Platformer/ninjafuzz.png;Platformer/ninjafuzz.hex;;;1.0;Hundstrasse;Guide the Fuzzgrawth up the three towers to collect the three 'things'! It's a fast paced platformer against the clock with randomly ordered levels.;;https://community.arduboy.com/t/ninja-fuzzgrawth-version-1-0-released/4211;https://hundstrasse.com/arduboy-games/ninja-fuzzgrawth/;na;na;na;
6;Bounce;Arcade/bounce.png;Arcade/bounce.hex;;;1.0;RetrobitCoder;Air hockey for the Arduboy!  Two players pick their dogsand battle to the end.;;https://community.arduboy.com/t/bounce-multiplayer-pong-game/1747;https://github.com/RetrobitCoder/Bounce;na;na;na;
6;Not Just A Hat Rack;Platformer/njahr.png;Platformer/njahr.hex;;;1.0;Hundstrasse;A fast paced platformer.;;https://community.arduboy.com/t/not-just-a-hat-rack-fast-paced-platformer/3083;https://hundstrasse.com/not-just-a-hat-rack/;na;na;na;
6;Yatzy;Puzzle/Yatzy.png;Puzzle/Yatzy.hex;;;1.3;shdwwzrd;A dice game where you need to role combinations before running out of attempts.;;https://community.arduboy.com/t/yatzy-a-neo-retro-game/3295;;986;987;0;
7;Puzzle;category-screens/Puzzle.png;;;;;;;;;;;;;
7;Circuit Dude;Puzzle/CircuitDude.png;Puzzle/CircuitDude.hex;;;3.2;Crait;Help Circuit Dude build an awesome invention by leading him through 75 unique levels, completing circuits and plugging in microchips. After all chips are inserted into their sockets, the exit will activate and you can advance to the next puzzle! What kind of secret invention is Circuit Dude building? Complete all of the levels to find out!;;https://community.arduboy.com/t/circuit-dude-3-2-update-75-levels-level-editor-sharing-tool/2490;http://crait.net/download.php?file=CircuitDude.ino;106;526;0;
7;Darkstar;Misc/Darkstar.png;Misc/Darkstar.hex;;;1.0;Mr.Blinky;A little puzzle game based on the HP48 / TI83 calculator game Dstar.;;https://community.arduboy.com/t/dark-star-puzzle-game/8570;https://github.com/MrBlinky/DarkStar;na;na;na;
7;Sensitive;Puzzle/Sensitive.png;Puzzle/Sensitive.hex;;;2.0;spinal;A remake of the classic C64 game Sensitive by Oliver Kirwa. This version features grey-scale graphics.;;https://community.arduboy.com/t/game-sensitive/3180;http://socoder.net/uploads/124/Sensitive_WIP.zip;na;na;na;
7;Logix;Puzzle/Logix.png;Puzzle/Logix.hex;;;1.0;Press Play on Tape;Logix is an educational game that teaches the basic logic gates used in digital electronics. Once you have completed some introductory puzzles that feature a single gate each, you can move on to harder puzzles that test your learning!;;https://community.arduboy.com/t/logix-game-jam-3/5691;https://github.com/Press-Play-On-Tape/Logix;416;418;0;
7;Tiny Sokoban;Puzzle/tinysokoban.png;Puzzle/tinysokoban.hex;;;1.0;akkera102;A clone of Sokoban (1982) using the Yoshio Murase Levels. These levels are very small but difficult and interesting.;;https://community.arduboy.com/t/tiny-sokoban-includes-52-levels/921;https://github.com/akkera102/05_tiny_sokoban;0;97;0;
7;MAZEZAM;Puzzle/MAZEZAM.png;Puzzle/MAZEZAM.hex;;;1.0;ardubeast;The game is similar to Sokoban since the player is able to push (and not pull) boxes. One difference is that the boxes can only be pushed horizontally, and any push causes all of the boxes in that particular row to be moved. Another difference is that the player is only trying to exit the level as opposed to putting the boxes in the correct locations.;;https://community.arduboy.com/t/mazezam-puzzle-game/3723;https://src-code.simons-rock.edu/git/mgreenblatt15/MAZEZAM;526;606;0;
7;Chie Magari Ita;Puzzle/chiemagari.png;Puzzle/chiemagari.hex;;;1.0;Obono;A puzzle game. Tere are 10 different pieces. You must place all of them into the frame without overlapping.;;https://community.arduboy.com/t/chie-magari-ita-a-placing-puzzle-game/5178;https://github.com/obono/ArduboyWorks;32;895;0;
7;Pipes;Puzzle/Pipes.png;Puzzle/Pipes.hex;;;1.0;Press Play on Tape;A version of the classic pipes game where you must lay pipe between each pair of nodes without the pipes crossing each other. This version has puzzles ranging from 5 x 5 to 9 x 9.;;https://community.arduboy.com/t/pipes-game-5x5-to-9x9/3756;https://github.com/Press-Play-On-Tape/LayingPipe;16;22;0;
7;AMaze;Puzzle/AMaze.png;Puzzle/AMaze.hex;;;1.0;Keyboard_Camper;Navigate through randomly generated mazes.;;https://community.arduboy.com/t/a-maze-a-game-of-random-generated-mazes/5856;https://github.com/alojzjakob/A-Maze/tree/master/A-Maze-Arduboy;na;na;na;
7;Crates 3D;Puzzle/Crates3d.png;Puzzle/Crates3d.hex;;;1.0;Brian;A port of the 3D puzzle game originally written for the TI-83 calculator.;;https://community.arduboy.com/t/crates-3d-a-port-of-the-ti-83-puzzle-game/1540;https://github.com/briansm-github/Crates3D/;150;923;0;
7;Ring Puzzle;Puzzle/ringpuzzle.png;Puzzle/ringpuzzle.hex;;;1.0;SSNikolaevich;A simple puzzle game with toroidal topology;;https://community.arduboy.com/t/ring-puzzle-game/4497;https://github.com/SSNikolaevich/ring_puzzle_game;58;61;0;
7;Lite Out;Puzzle/LiteOut.png;Puzzle/LiteOut.hex;;;1.0;kmk1018;Lite/Out is a game where you have to turn off all of the lights, but every time you change a light, the surrounding lights change. The game consists of a 5-by-5 grid where some of the blocks are lit up. You'll complete the level when all of the blocks are not lit.;;https://community.arduboy.com/t/lite-out-a-turn-off-all-the-lights-style-game/2711;https://github.com/kmkroski/ArduboyLiteOut;na;na;na;
7;1010;Puzzle/1010.png;Puzzle/1010.hex;;;1.0;MWM;1010! is a wildly addicting brain teaser - a simple puzzle game that will challenge you, while also training your brain. Put your puzzle skills to the test with this exciting title - we dare you to try and put it down.;;https://community.arduboy.com/t/1010-puzzle-game/2437;https://chiselapp.com/user/mwm/repository/1010;266;379;0;
7;Term Twirl;Puzzle/termtwirl.png;Puzzle/termtwirl.hex;;;1.0;Corruptio;This is clone of classic Text Twist, with 1900 random levels. Add to your score by unjumbling the letters to make words. If you use all six letters to make a word within the allotted time, then you can continue to the next level. There is a large bonus for finding all the words before time runs out.;;https://community.arduboy.com/t/term-twirl-a-text-twist-clone/8872;https://github.com/justecorruptio/term_twirl;256;259;0;
7;Arduchess;Misc/Arduchess.png;Misc/arduchess.hex;;;1.0;Brow1067;Play chess on the Arduboy!;;https://community.arduboy.com/t/arduchess-play-chess-on-the-arduboy/9676;https://github.com/tiberiusbrown/arduchess;;;;
7;Blackjack;Misc/Blackjack.png;Misc/Blackjack.hex;;;1.0;Press Play on Tape;The classic casino game. This implementation plays a 'unified' version of the various BlackJack games from different casinos around the world. It allows splits, double up and insurance on a dealer blackjack and so forth.;;https://community.arduboy.com/t/blackjack-v1-0/6668;https://github.com/Press-Play-On-Tape/Blackjack;na;na;na;
7;Dice Of Fate;arg/Diceoffate.png;arg/Diceoffate.hex;;;1.0;Team ARG;A dice utility. Choose between a coin or a 4, 6, 8, 10, 12, 20 or 100 sided dice.;;https://community.arduboy.com/t/dice-of-fate-seventh-team-a-r-g-game/1101;https://github.com/Team-ARG-Museum/ID-37-DICE-of-FATE;na;na;na;
7;Micro Checkers;Puzzle/MicroCheckers.png;Puzzle/MicroCheckers.hex;;;1.0;Jezzamon;The classic Chinese game of checkers.;;https://community.arduboy.com/t/microcheckers-multiplayer-checkers/1763;https://github.com/Jezzamonn/MicroCheckers;na;na;na;
7;Reversi;Puzzle/reversi.png;Puzzle/reversi.hex;;;1.0;Obono;Reversi is a strategy board game for two players, played on an 8�8 uncheckered board.;;https://community.arduboy.com/t/reversi-a-simple-board-game/6754;https://github.com/obono/ArduboyWorks;928;959;0;
7;Quarto;Puzzle/quarto.png;Puzzle/quarto.hex;;;1.0;Obono;An abstract strategy board game played on a 4x4 board with 16 unique pieces.;;https://community.arduboy.com/t/quarto-an-abstract-strategy-board-game/8226;https://github.com/obono/ArduboyWorks;992;1007;0;
7;Little Rook Chess;Demos/littlerookchess.png;Demos/littlerookchess.hex;;;1.0;olikraus;Chess, obviously.;;https://community.arduboy.com/t/little-rook-chess/1871;https://github.com/olikraus/u8g2/blob/c117f28951534ba233b54054f142e250f46a8711/sys/arduino/u8g2_page;na;na;na;
7;Farkle;Puzzle/Farkle.png;Puzzle/Farkle.hex;;;1.0;Press Play On Tape;A dice game of tactics and luck.;;https://community.arduboy.com/t/farkle-a-dice-game/6568;https://github.com/Press-Play-On-Tape/Farkle;101;179;0;
7;German Whist;Puzzle/Whist.png;Puzzle/Whist.hex;;;1.0;Press Play On Tape;German Whist is an adaptation of classic Whist for two players. There is nothing German about it - as far as anyone can tell it is of British origin.;;https://community.arduboy.com/t/german-whist-v1-0-0/8150;https://github.com/Press-Play-On-Tape/Whist;na;na;na;
7;Dominoes;Puzzle/Dominoes.png;Puzzle/Dominoes.hex;;;1.0;Press Play On Tape;All Fives is a popular variant of Dominoes where players the goal of the game is not just to go out, but to make the open ends of the layout add up to 5 (or a multiple of five). One or two players.;;https://community.arduboy.com/t/domino-all-fives-two-player/8087;https://github.com/Press-Play-On-Tape/Dominoes;401;503;0;
7;Cribbage;Puzzle/Cribbage.png;Puzzle/Cribbage.hex;;;1.0.1;Press Play On Tape;Classic English game of Cribbage - a luck and tactics card game.;;https://community.arduboy.com/t/cribbage-v1-0-1/8122;https://github.com/Press-Play-On-Tape/Cribbage;101;102;0;
8;Skill;category-screens/Skill.png;;;;;;;;;;;;;
8;Curse of Astarok;Puzzle/curse.png;Puzzle/curse.hex;;;1.0;Press Play On Tape;The evil AstaroK has cast a nasty curse on the folk of Griford and turned them into pumpkins! The town's people have asked you to battle the AstaroK and his evil friends in their hideout - an old castle on the edge of town. Can you release the town from the curse of AstaroK?;;https://community.arduboy.com/t/the-curse-of-astarok-v1-0-with-sound/8203;https://github.com/Press-Play-On-Tape/The-Curse-Of-AstaroK;101;293;0;
8;Trials of Astarok;Puzzle/Astarok.png;Puzzle/Astarok.hex;;;1.0;Press Play On Tape;Each year the people of the village choose a new champion to protect them from Astarok. Compete in the trials to see how far you can get and you could be that champion! Your choice of runes will select different courses .. some are easier than others!;;https://community.arduboy.com/t/trials-of-astarok-v1-0/10262;https://github.com/Press-Play-On-Tape/TrialsOfAstarok;516;545;0;
8;Knight Move;Puzzle/knightmove.png;Puzzle/knightmove.hex;;;1.0;Obono;An action-puzzle game where you control a knight piece of the chess which can move in an L shape on the 8�4 board.;;https://community.arduboy.com/t/knight-move-a-puzzle-platform-game-using-knight/8587;https://github.com/obono/ArduboyWorks;656;687;0;
8;SameGame;Arcade/Samegame.png;Arcade/Samegame.hex;;;1.0;Obono;A famous tile-matching puzzle.;;https://community.arduboy.com/t/samegame-a-famous-tile-matching-puzzle/8407;https://github.com/obono/ArduboyWorks;688;735;0;
8;MicroTD;Puzzle/microtd.png;Puzzle/microtd.hex;;;1.1;drummyfish;Defend your territory from the enemy attackers.;;https://community.arduboy.com/t/microtd-tower-defense-for-arduboy/6223;https://gitlab.com/drummyfish/Arduboy_TD;202;207;0;
8;Stairs Sweep;Puzzle/stairssweep.png;Puzzle/stairssweep.hex;;;1.0;Obono;A falling block puzzle game.;;https://community.arduboy.com/t/stairs-sweep-a-falling-block-puzzle-game/8259;https://github.com/obono/ArduboyWorks;736;767;0;
8;MicroCity;Arcade/microcity.png;Arcade/microcity.hex;;;1.3;jhhoward;MicroCity is a city simulation game inspired by SimCity.;;https://community.arduboy.com/t/microcity-city-simulation-in-your-pocket/4808;https://github.com/jhhoward/MicroCity/releases;16;1011;0;
8;Psi Colo;Puzzle/psicolo.png;Puzzle/psicolo.hex;;;1.0;Obono;A puzzle game with dice.;;https://community.arduboy.com/t/psi-colo-a-puzzle-game-with-dice/6148;https://github.com/obono/ArduboyWorks;896;923;0;
8;Minesweeper;Puzzle/Minesweeper.png;Puzzle/Minesweeper.hex;;;1.0;Pharap;The classic Minesweeper for the Arduboy.;;https://community.arduboy.com/t/minesweeper-v2-0-0-multiple-languages-available/5642;https://github.com/Pharap/Minesweeper;512;523;1;
8;Ardulem;Puzzle/Ardulem.png;Puzzle/Ardulem.hex;;;1.0;Lswbanban;Lemmings on Arduboy!;;https://community.arduboy.com/t/ardulem-the-lemmings-arrive-on-arduboy/4265;https://github.com/Lswbanban/Ardulem;16;16;0;
8;Begemmed;arg/begemmed.png;arg/begemmed.hex;;;1.0;Team ARG;Get three or more matching gems in a row by swapping adjacent gems.;;https://community.arduboy.com/t/begemmed-fourth-team-a-r-g-game/515;;na;na;na;
8;Blob Attack;arg/Blobattack.png;arg/Blobattack.hex;;;1.0;Team ARG;A falling block game.;;https://community.arduboy.com/t/blob-attack-first-native-team-a-r-g-game/283;;na;na;na;
8;Sudoku;Puzzle/sudoku.png;Puzzle/sudoku.hex;;;1.0;neilsunw;Play Sudoku on your Arduboy. Includes 45 puzzles (easy, medium, hard) and allows custom puzzles to be entered manually or via serial input.;;https://community.arduboy.com/t/sudoku-nbp-arduboy-game/1713;https://github.com/neilsunw/sudoku_AB_v11;16;891;0;
8;Box Stacker;Puzzle/Boxstacker.png;Puzzle/Boxstacker.hex;;;1.0;dragula96;Stacker clone like the game at the arcade that gives you a chance to win a prize, however in this one the only thing you win is satisfaction!;;https://community.arduboy.com/t/box-stacker-challenge-game/178;https://github.com/dragula96/BlockStacker;na;na;na;
8;Diamonds;Arcade/diamonds.png;Arcade/diamonds.hex;;;1.0;redbug;Diamonds is a mix between a breakout game and a puzzle game. Original game was released on HP48 more than 20 years ago.;;https://community.arduboy.com/t/diamonds-a-breakout-puzzle-game-1st-kyuran-game/3368;https://github.com/kyuranGames/diamonds;na;na;na;
8;Bombzzle;Puzzle/Bombzzle.png;Puzzle/Bombzzle.hex;;;1.0;HokuHakase;An explosive puzzle game!;;https://community.arduboy.com/t/bombzzle-an-explosive-puzzle-game/3583;https://drive.google.com/drive/folders/0B3z9UKYjZsf2aHZWb0NWZkoyVkk;na;na;na;
8;Tres;Puzzle/Tres.png;Puzzle/Tres.hex;;;1.0;cajogold;A Threes! clone.;;https://community.arduboy.com/t/tres-tile-game-a-threes-clone/2921;https://github.com/cajogold/tres;528;563;0;
8;Zoo;Puzzle/Zoo.png;Puzzle/Zoo.hex;;;1.0;Yuki;A beautiful begemmed style of game.;;http://gadgetr.seesaa.net/article/zoo.html;;na;na;na;
8;New Blocks on the Kid;Puzzle/NBOTK.png;Puzzle/NBOTK.hex;;;1.0;bateske;There is a new falling block game in town.;;https://community.arduboy.com/t/new-blocks-on-the-kid/9197;https://github.com/bateske/NewBlocksOnTheKid;;;;
9;Racing;category-screens/Racing.png;;;;;;;;;;;;;
9;Bone Shakers;Racing/BoneShakers.png;Racing/BoneShakers.hex;;;1.0;jhhoward;Bone Shakers is a racing game where skeletons ride unicycles around a dungeon race track. In part inspired by Super Mario Kart for the SNES.;;https://community.arduboy.com/t/bone-shakers-unofficial-game-jam-4/6406;https://github.com/jhhoward/BoneShakers/releases;na;na;na;
9;Road Trip;Racing/RoadTrip.png;Racing/RoadTrip.hex;;;1.1;Press Play on Tape;Inspired by the Atari 2600 game Enduro. Strap on your goggles. Sink into your seat. And leave all your fears in the pit. You're about to enter the race of your life. You'll be required to pass lots of cars each day. From sunrise to sunset - as fast as you can. Welcome to the National Enduro!;;https://community.arduboy.com/t/road-trip-v1-1/9716;https://github.com/Press-Play-On-Tape/RoadTrip;166;193;0;
9;ArduRacer;Racing/ArduRacer.png;Racing/ArduRacer.hex;;;1.0;TonyM128;A top down racing time trail racing game for the ArduBoy similar to Trackmania;;https://community.arduboy.com/t/arduracer-a-trackmania-type-time-trial-game/8850;https://github.com/tonym128/ArduRacer;812;837;0;
9;Crazy Kart;Racing/CrazyKart.png;Racing/CrazyKart.hex;;;1.0;Alberto;Mario Kart for the Arduboy.;;https://community.arduboy.com/t/crazykart-my-first-game/856;https://github.com/Veilkrand/Arduboy-CrazyKart;na;na;na;
9;Randocity;Racing/Randocity.png;Racing/Randocity.hex;;;1.0;Paul Wasson;Arduboy large open-world procedurally generated city motorcycle game with 3 play modes.;;https://community.arduboy.com/t/randocity-a-large-open-world-motorcycle-game/8375;https://github.com/pmwasson/Randocity;480;492;0;
10;Shooter;category-screens/Shooter.png;;;;;;;;;;;;;
10;MicroTank;Arcade/microtank.png;Arcade/microtank.hex;;;1.0;hartmann1301;You start with a small tank and your goal is to get as deep as possilbe into enemy territory. Some enemys drop coins for upgrading the weapon of your choice.;;https://community.arduboy.com/t/microtank-a-shooter-game/7085,https://github.com/hartmann1301/MircoT;;na;na;na;
10;Sirene;arg/Sirene.png;arg/Sirene.hex;;;1.0;Team ARG;There's trouble under the sea, but Nina will fight her way to the heart of it. An aquatic shoot-em-up adventure!;;https://community.arduboy.com/t/sirene-tenth-team-a-r-g-game/2206;;na;na;na;
10;1944 The Battle of Midway;Arcade/1944.png;Arcade/1944.hex;;;1.0;Press Play On Tape;A remake of the classic CapCom game 1944 The Battle of Midway.;;https://community.arduboy.com/t/1944-return-to-midway-fx/6957;https://github.com/Press-Play-On-Tape/Nineteen44;200;234;1;
10;Juno First;Action/Junofirst.png;Action/Junofirst.hex;;;1.0.1;Press Play On Tape;Kill each wave of attacking aliens before you fuel or health runs out. Rescue the captured astronaut to get extra points!;;https://community.arduboy.com/t/juno-first-1-01/5554;https://github.com/Press-Play-On-Tape/JunoFirst;316;358;0;
10;1nvader;Shooter/1nvader.png;Shooter/1nvader.hex;;;1.0;Press Play On Tape;1NVADER is a one or two-player game played with one button, one laser, one 1NVADER, and one life. Play co-operatively, or competitively with a friend, or face the 1NVADER alone.;;https://community.arduboy.com/t/1nvader-v1-0/9665;https://github.com/Press-Play-On-Tape/1nvader;143;155;1;
10;OBS (One Button Shooter);category-screens/ppot/OBS.png;Shooter/OBS.hex;;;1.0;Press Play On Tape;Youe ship has been damaged by some space debris. The steering is broken and you cannot navigate. You discover that by firing the laser you can steer ..sort of! Avoid the asteroids and enemy ships and fly home.;;https://community.arduboy.com/t/obs-one-button-shooter/10445;https://github.com/Press-Play-On-Tape/OBS;60;68;1;
10;Evade 2;Arcade/Evade2.png;Arcade/Evade2.hex;;;1.0;Modus Create;A space flight / fight simulator.;;https://community.arduboy.com/t/evade-2-arduboys-first-space-flight-sim/4634;https://github.com/ModusCreateOrg/evade2;na;na;na;
10;ArduBullets;Shooter/ardubullets.png;Shooter/ardubullets.hex;;;1.0;Obono;Avoid voluminous bullets and defeat enemy squadron in one minute.;;https://community.arduboy.com/t/ardubullets-a-short-time-shmups-game/8684;https://github.com/obono/ArduboyWorks;1008;1023;0;
10;Trench Run;Action/Trenchrun.png;Action/Trenchrun.hex;;;1.0;Lucas Salton Cardinali;Inspired by the Star Wars Battle Pod Arcade Game. It depicts the rebels assault on the Doom Sphere, the Empire enormous space station and you, as a Rebel pilot, have to destroy the Imperial Fighters until you get a chance to shoot into the Exhaustion Port and destroy it.;;https://community.arduboy.com/t/space-battle-trench-run/8075;https://github.com/lscardinali/TrenchRun-Arduboy;na;na;na;
10;i4Arduboy;Shooter/l4arduboy.png;Shooter/l4arduboy.hex;;;1.0;Yomogimaru;i4arduboy is a horizontal shmup. Control a submarine and snipe far enemies on off-screen with torpedos!;;https://community.arduboy.com/t/i4arduboy-a-shmup-with-long-range-sniping/569;https://github.com/yomogimaru/i4arduboy;150;174;0;
10;Love Rush;Arcade/Loverush.png;Arcade/Loverush.hex;;;1.0;Vampirics;A cute infinite shooter for Arduboy.;;https://community.arduboy.com/t/loverush-cute-infinite-shooter/5424;https://github.com/vampirics/LoveRush;144;147;0;
10;Trolly Fish;arg/trollyfish.png;arg/trollyfish.hex;;;1.0;Team ARG;Little fish. Big fish, swimming in the water. Com back here, man. Give me back my star!;;https://community.arduboy.com/t/trolly-fish-sixth-team-a-r-g-game/929;;na;na;na;
10;Humanity Revenge;Shooter/HumanityRevenge.png;Shooter/HumanityRevenge.hex;;;1.0;giangregorioc;It's a shoot 'em up quite hard, with 3 ship to choose from (different speed and weapons), 5 enemies with different characteristics, three big bosses, bomb and power-up, highscore and so on.;;https://community.arduboy.com/t/humanity-revenge-is-back-humanity-revenge-directors-cut/4296;https://github.com/giangregorio/Humanity_Revenge_DC;32;45;0;
10;Suit Shooter;Shooter/SuitShooter.png;Shooter/SuitShooter.hex;;;2.0;Crait;Launch suits of cards at falling cards in order to create matches and score points. Watch out, though! Missing cards will hurt you! The cards start out falling slowly, but get faster as you score more points and regain health.;;https://community.arduboy.com/t/suit-shooter-a-falling-block-shooter/2136;http://crait.net/download.php?file=SuitShooter.ino;418;419;0;
10;Millipe;Arcade/Millipe.png;Arcade/Millipe.hex;;;1.0;Dreamer2345;A small Centipede clone.;;https://community.arduboy.com/t/millipe-game-for-arduboy/4746;https://github.com/Dreamer2345/Millipe;na;na;na;
10;Kemono Patrol;Shooter/KemonoPatrol.png;Shooter/KemonoPatrol.hex;;;1.0;metalidol;A moon buggy-style game.;;https://twitter.com/metalidol/status/843874920052346881;https://t.co/rpeVJjLoLJ;na;na;na;
10;Siege;Action/Siege.png;Action/Siege.hex;;;1.0;shdwwzrd;The king needs your help to keep the Dark Lord's army from destroying the kingdom. The Wizards will arrive after the 5th day and the rest of our army will be back in 20 days. The king is counting on you to hold the wall. Hold strong, noble archer, HOLD STRONG!;;https://community.arduboy.com/t/siege-a-neo-retro-game/3453;;na;na;na;
11;credits;temp/5932fc3c-6d37-43d7-8eb9-a64b68cd6663.png;;;;undefined;undefined;undefined;;;;;;;
